CUSTOMERKEY,GEOGRAPHYKEY,CUSTOMERALTERNATEKEY,TITLE,FIRSTNAME,MIDDLENAME,LASTNAME,NAMESTYLE,BIRTHDATE,MARITALSTATUS,SUFFIX,GENDER,EMAILADDRESS,YEARLYINCOME,TOTALCHILDREN,NUMBERCHILDRENATHOME,ENGLISHEDUCATION,SPANISHEDUCATION,FRENCHEDUCATION,ENGLISHOCCUPATION,SPANISHOCCUPATION,FRENCHOCCUPATION,HOUSEOWNERFLAG,NUMBERCARSOWNED,ADDRESSLINE1,ADDRESSLINE2,PHONE,DATEFIRSTPURCHASE,COMMUTEDISTANCE
24992,307,AW00024992,,Faith,L,Bryant,0,9/3/1963,M,,F,faith17@adventure-works.com,70000,2,1,Partial High School,Educación secundaria (en curso),Niveau bac,Skilled Manual,Obrero especializado,Technicien,1,2,6267 Morello Heights Circle,,154-555-0170,5/6/2013,10+ Miles
24993,310,AW00024993,,Marvin,L,Ortega,0,19-03-1963,M,,M,marvin22@adventure-works.com,70000,2,1,Partial High School,Educación secundaria (en curso),Niveau bac,Skilled Manual,Obrero especializado,Technicien,1,2,4942 Frigate Ct,,337-555-0164,9/12/2013,10+ Miles
24994,358,AW00024994,,Lauren,,Sanders,0,17-12-1969,M,,F,lauren46@adventure-works.com,60000,3,1,High School,Educación secundaria,Bac + 2,Professional,Profesional,Cadre,1,2,5242 Marvelle Ln.,,122-555-0115,28-01-2013,10+ Miles
24995,69,AW00024995,,Melissa,S,Peterson,0,19-05-1959,S,,F,melissa27@adventure-works.com,60000,3,1,High School,Educación secundaria,Bac + 2,Professional,Profesional,Cadre,1,2,8162 Laurel Dr,,694-555-0132,21-03-2013,10+ Miles
24996,300,AW00024996,,Dylan,,Miller,0,4/9/1958,M,,M,dylan33@adventure-works.com,60000,3,1,Partial High School,Educación secundaria (en curso),Niveau bac,Skilled Manual,Obrero especializado,Technicien,1,3,6410 Argenta Drive,,160-555-0122,31-10-2013,10+ Miles
24997,302,AW00024997,,Melvin,M,Kumar,0,31-03-1959,S,,M,melvin8@adventure-works.com,60000,3,1,Partial High School,Educación secundaria (en curso),Niveau bac,Skilled Manual,Obrero especializado,Technicien,1,3,1646 Twinview Drive,,246-555-0119,19-12-2013,10+ Miles
24998,302,AW00024998,,Olivia,,Martinez,0,12/10/1973,S,,F,olivia16@adventure-works.com,130000,1,0,Graduate Degree,Estudios de postgrado,Bac + 3,Management,Gestión,Direction,1,3,9518 Stanley Dollar Dr.,,314-555-0182,2/4/2013,0-1 Miles
24999,307,AW00024999,,Shaun,,Jai,0,23-10-1973,S,,M,shaun12@adventure-works.com,150000,1,0,Graduate Degree,Estudios de postgrado,Bac + 3,Management,Gestión,Direction,0,0,5199 James Donlon Blvd,,127-555-0114,18-09-2013,0-1 Miles
25000,637,AW00025000,,Allison,A,Turner,0,16-04-1985,S,,F,allison27@adventure-works.com,40000,0,0,High School,Educación secundaria,Bac + 2,Skilled Manual,Obrero especializado,Technicien,0,2,9018 Valley Crest Drive,,851-555-0152,13-12-2013,1-2 Miles
25001,18,AW00025001,,Clayton,W,Xu,0,22-02-1955,M,,M,clayton25@adventure-works.com,20000,4,0,High School,Educación secundaria,Bac + 2,Skilled Manual,Obrero especializado,Technicien,1,2,9115 Arthur Rd.,,1 (11) 500 555-0190,7/7/2013,5-10 Miles
25002,50,AW00025002,,Logan,,Edwards,0,10/4/1984,M,,M,logan28@adventure-works.com,40000,0,0,High School,Educación secundaria,Bac + 2,Skilled Manual,Obrero especializado,Technicien,1,2,9682 Concord,,368-555-0191,2/7/2013,5-10 Miles
25003,609,AW00025003,,Tristan,,Russell,0,15-04-1984,S,,M,tristan20@adventure-works.com,30000,0,0,Partial College,Estudios universitarios (en curso),Baccalauréat,Skilled Manual,Obrero especializado,Technicien,0,1,7081 Willow Pass Road,,960-555-0124,16-06-2013,1-2 Miles
25004,611,AW00025004,,Samuel,,Thomas,0,14-08-1983,S,,M,samuel67@adventure-works.com,30000,0,0,Partial College,Estudios universitarios (en curso),Baccalauréat,Skilled Manual,Obrero especializado,Technicien,0,1,2599 Vine Hill Way,,779-555-0176,21-01-2014,1-2 Miles
25005,543,AW00025005,,Brianna,M,Williams,0,13-02-1984,S,,F,brianna2@adventure-works.com,30000,0,0,Partial College,Estudios universitarios (en curso),Baccalauréat,Skilled Manual,Obrero especializado,Technicien,0,1,5790 Ponderosa Drive,,598-555-0182,30-03-2013,1-2 Miles
25006,648,AW00025006,,Bailey,,Murphy,0,19-08-1983,S,,F,bailey12@adventure-works.com,30000,0,0,Partial College,Estudios universitarios (en curso),Baccalauréat,Skilled Manual,Obrero especializado,Technicien,1,1,9407 StandingView Dr. Ave,,162-555-0190,29-06-2013,5-10 Miles
25007,299,AW00025007,,Alyssa,R,Sanders,0,1/3/1984,S,,F,alyssa46@adventure-works.com,30000,0,0,Partial College,Estudios universitarios (en curso),Baccalauréat,Skilled Manual,Obrero especializado,Technicien,0,1,5607 Willow Creek Ct.,,101-555-0135,25-04-2013,1-2 Miles
25008,314,AW00025008,,Haley,H,Perry,0,17-11-1983,S,,F,haley26@adventure-works.com,60000,0,0,Partial College,Estudios universitarios (en curso),Baccalauréat,Skilled Manual,Obrero especializado,Technicien,0,2,59 Lakewood Court,,948-555-0113,19-12-2013,1-2 Miles
25009,21,AW00025009,,Natasha,L,Alonso,0,3/9/1950,M,,F,natasha7@adventure-works.com,10000,2,1,Partial High School,Educación secundaria (en curso),Niveau bac,Clerical,Administrativo,Employé,0,2,1384 Windmill Way,,1 (11) 500 555-0163,8/10/2013,1-2 Miles
25010,23,AW00025010,,Misty,H,Kumar,0,30-10-1951,S,,F,misty9@adventure-works.com,30000,2,0,Partial College,Estudios universitarios (en curso),Baccalauréat,Clerical,Administrativo,Employé,0,2,3315 Providence Dr.,,1 (11) 500 555-0197,17-07-2012,1-2 Miles
25011,13,AW00025011,,Taylor,D,White,0,3/2/1953,M,,F,taylor60@adventure-works.com,30000,2,0,Partial College,Estudios universitarios (en curso),Baccalauréat,Clerical,Administrativo,Employé,0,2,9504 Rosina Court,,1 (11) 500 555-0188,20-07-2012,1-2 Miles
25012,2,AW00025012,,Craig,M,Martin,0,19-03-1954,M,,M,craig2@adventure-works.com,10000,2,1,Partial High School,Educación secundaria (en curso),Niveau bac,Clerical,Administrativo,Employé,1,2,5098 N. Civic Dr,,1 (11) 500 555-0146,13-04-2013,5-10 Miles
25013,25,AW00025013,,Mitchell,,Stone,0,16-01-1954,S,,M,mitchell0@adventure-works.com,10000,2,1,Partial High School,Educación secundaria (en curso),Niveau bac,Clerical,Administrativo,Employé,1,2,9948 Almond Avve,,1 (11) 500 555-0177,10/11/2013,5-10 Miles
25014,336,AW00025014,,Juan,,Reed,0,13-02-1984,S,,M,juan30@adventure-works.com,60000,0,0,Partial College,Estudios universitarios (en curso),Baccalauréat,Skilled Manual,Obrero especializado,Technicien,0,2,5671 Dimaggio Way,,262-555-0179,10/12/2013,1-2 Miles
25015,352,AW00025015,,Jacqueline,S,Rogers,0,4/2/1984,M,,F,jacqueline44@adventure-works.com,70000,0,0,Partial College,Estudios universitarios (en curso),Baccalauréat,Skilled Manual,Obrero especializado,Technicien,0,2,5183 Ham Drive,,172-555-0159,7/4/2013,0-1 Miles
25016,59,AW00025016,,Elijah,L,Washington,0,26-10-1982,S,,M,elijah17@adventure-works.com,40000,0,0,Bachelors,Licenciatura,Bac + 4,Professional,Profesional,Cadre,0,2,6759 Greenbrier Street,,243-555-0137,25-07-2013,5-10 Miles
25017,6,AW00025017,,Cristina,,Xu,0,21-11-1953,M,,F,cristina5@adventure-works.com,10000,2,1,Partial High School,Educación secundaria (en curso),Niveau bac,Clerical,Administrativo,Employé,1,2,1130 Fillet Ave.,,1 (11) 500 555-0193,26-08-2013,1-2 Miles
25018,352,AW00025018,,Lucas,F,Robinson,0,4/8/1982,S,,M,lucas32@adventure-works.com,70000,0,0,Partial College,Estudios universitarios (en curso),Baccalauréat,Skilled Manual,Obrero especializado,Technicien,1,2,9589 Eastgate Avenue,,178-555-0194,30-05-2013,5-10 Miles
25019,24,AW00025019,,Misty,S,Shen,0,17-04-1956,M,,F,misty3@adventure-works.com,10000,2,1,Partial High School,Educación secundaria (en curso),Niveau bac,Clerical,Administrativo,Employé,1,3,3055 Mt. Trinity Ct.,,1 (11) 500 555-0190,22-11-2013,5-10 Miles
25020,17,AW00025020,,Walter,A,Romero,0,7/7/1955,S,,M,walter22@adventure-works.com,20000,2,1,Partial High School,Educación secundaria (en curso),Niveau bac,Clerical,Administrativo,Employé,1,2,6190 Main Street,,1 (11) 500 555-0173,29-07-2012,5-10 Miles
25021,2,AW00025021,,Edwin,K,Sharma,0,4/8/1955,M,,M,edwin32@adventure-works.com,20000,2,1,Partial High School,Educación secundaria (en curso),Niveau bac,Clerical,Administrativo,Employé,1,2,20 Chestnut Ave,,1 (11) 500 555-0126,5/8/2012,5-10 Miles
25022,18,AW00025022,,Patricia,,Perez,0,9/9/1962,M,,F,patricia22@adventure-works.com,20000,2,1,Partial High School,Educación secundaria (en curso),Niveau bac,Clerical,Administrativo,Employé,1,2,6948 Midway Ct,,1 (11) 500 555-0125,14-08-2012,1-2 Miles
25023,301,AW00025023,,Carolyn,,Sanz,0,7/9/1985,S,,F,carolyn41@adventure-works.com,40000,0,0,Bachelors,Licenciatura,Bac + 4,Professional,Profesional,Cadre,1,2,5415 West,,111-555-0192,17-04-2013,5-10 Miles
25024,307,AW00025024,,Brad,S,Pritchett,0,30-11-1985,S,,M,brad24@adventure-works.com,40000,0,0,Bachelors,Licenciatura,Bac + 4,Professional,Profesional,Cadre,0,2,8500 Byers Rd.,,154-555-0139,11/8/2013,5-10 Miles
25025,372,AW00025025,,Spencer,J,Bryant,0,17-06-1985,S,,M,spencer20@adventure-works.com,70000,0,0,Partial College,Estudios universitarios (en curso),Baccalauréat,Skilled Manual,Obrero especializado,Technicien,0,2,1114 Laurel,,193-555-0113,4/4/2013,0-1 Miles
25026,24,AW00025026,,Mitchell,H,Andersen,0,3/11/1957,M,,M,mitchell12@adventure-works.com,20000,2,1,Partial High School,Educación secundaria (en curso),Niveau bac,Clerical,Administrativo,Employé,1,3,8465 Kim Court,,1 (11) 500 555-0142,27-02-2013,5-10 Miles
25027,9,AW00025027,,Meredith,,Mehta,0,15-07-1958,M,,F,meredith13@adventure-works.com,40000,2,0,Partial College,Estudios universitarios (en curso),Baccalauréat,Skilled Manual,Obrero especializado,Technicien,0,2,3756 Lime Ridge Drive,,1 (11) 500 555-0111,7/1/2014,1-2 Miles
25028,10,AW00025028,,Brenda,,Gonzalez,0,22-03-1964,M,,F,brenda22@adventure-works.com,40000,2,0,Partial College,Estudios universitarios (en curso),Baccalauréat,Skilled Manual,Obrero especializado,Technicien,1,2,2102 W. 8th St.,,1 (11) 500 555-0172,6/1/2014,5-10 Miles
25029,13,AW00025029,,Alberto,D,Hernandez,0,12/10/1958,S,,M,alberto5@adventure-works.com,40000,2,0,Partial College,Estudios universitarios (en curso),Baccalauréat,Skilled Manual,Obrero especializado,Technicien,1,2,9597 Pass,,1 (11) 500 555-0119,6/8/2012,5-10 Miles
25030,28,AW00025030,,Jessie,,Romero,0,24-12-1958,S,,F,jessie15@adventure-works.com,40000,2,0,Partial College,Estudios universitarios (en curso),Baccalauréat,Skilled Manual,Obrero especializado,Technicien,1,2,261 La Orinda Pl,,1 (11) 500 555-0144,20-08-2012,5-10 Miles
25031,16,AW00025031,,Kristina,,Malhotra,0,26-05-1960,S,,F,kristina5@adventure-works.com,40000,3,0,Partial High School,Educación secundaria (en curso),Niveau bac,Clerical,Administrativo,Employé,0,2,671 Deerwood Court,,1 (11) 500 555-0171,2/5/2013,1-2 Miles
25032,18,AW00025032,,Meredith,,Rana,0,13-01-1965,S,,F,meredith10@adventure-works.com,40000,3,0,Partial High School,Educación secundaria (en curso),Niveau bac,Clerical,Administrativo,Employé,0,2,7500 Sheffield Place,,1 (11) 500 555-0114,20-08-2012,5-10 Miles
25033,7,AW00025033,,Omar,,Zhu,0,11/5/1960,S,,M,omar13@adventure-works.com,40000,3,0,Partial High School,Educación secundaria (en curso),Niveau bac,Clerical,Administrativo,Employé,0,2,7996 Ronda Ct.,,1 (11) 500 555-0147,1/8/2012,5-10 Miles
25034,28,AW00025034,,Anne,V,Martin,0,21-10-1966,S,,F,anne1@adventure-works.com,80000,2,0,Partial College,Estudios universitarios (en curso),Baccalauréat,Skilled Manual,Obrero especializado,Technicien,1,2,3378 Camino Verde,,1 (11) 500 555-0110,3/8/2012,5-10 Miles
25035,10,AW00025035,,Mandy,C,Lin,0,29-10-1960,S,,F,mandy9@adventure-works.com,80000,2,0,Partial College,Estudios universitarios (en curso),Baccalauréat,Skilled Manual,Obrero especializado,Technicien,0,2,7616 Honey Court,,1 (11) 500 555-0148,5/8/2012,1-2 Miles
25036,4,AW00025036,,Jenny,,Ye,0,13-10-1960,S,,F,jenny12@adventure-works.com,80000,2,0,Partial College,Estudios universitarios (en curso),Baccalauréat,Skilled Manual,Obrero especializado,Technicien,0,2,8922 Franklin Canyon Road,,1 (11) 500 555-0128,28-08-2012,1-2 Miles
25037,30,AW00025037,,Terrence,R,Rai,0,7/4/1961,M,,M,terrence18@adventure-works.com,80000,2,0,Partial College,Estudios universitarios (en curso),Baccalauréat,Skilled Manual,Obrero especializado,Technicien,0,2,2587 Windmill Way,,1 (11) 500 555-0192,13-09-2012,1-2 Miles
25038,612,AW00025038,,Isabella,W,Hall,0,18-07-1980,S,,F,isabella54@adventure-works.com,40000,0,0,Partial College,Estudios universitarios (en curso),Baccalauréat,Skilled Manual,Obrero especializado,Technicien,0,2,9395 Oak Grove Rd.,,323-555-0195,27-12-2013,1-2 Miles
25039,542,AW00025039,,Alexis,,Clark,0,11/8/1980,S,,F,alexis16@adventure-works.com,40000,0,0,High School,Educación secundaria,Bac + 2,Skilled Manual,Obrero especializado,Technicien,1,2,5065 Cloverleaf Circle,,607-555-0154,19-11-2013,5-10 Miles
25040,548,AW00025040,,Julian,D,Perry,0,20-08-1980,S,,M,julian9@adventure-works.com,40000,0,0,High School,Educación secundaria,Bac + 2,Skilled Manual,Obrero especializado,Technicien,0,2,8172 N. Ranchford,,153-555-0180,2/12/2013,1-2 Miles
25041,648,AW00025041,,Hunter,G,Phillips,0,21-01-1981,S,,M,hunter35@adventure-works.com,40000,0,0,High School,Educación secundaria,Bac + 2,Skilled Manual,Obrero especializado,Technicien,1,2,4500 Willow Dr.,,744-555-0177,22-11-2013,5-10 Miles
25042,298,AW00025042,,Arif,A,Rizaldy,0,24-02-1981,S,,F,arif0@adventure-works.com,40000,0,0,High School,Educación secundaria,Bac + 2,Skilled Manual,Obrero especializado,Technicien,0,2,7189 Candle Dr,,867-555-0123,21-12-2013,1-2 Miles
25043,302,AW00025043,,Damien,W,Rai,0,19-08-1980,S,,M,damien34@adventure-works.com,40000,0,0,High School,Educación secundaria,Bac + 2,Skilled Manual,Obrero especializado,Technicien,1,2,7094 Salvio St.,,788-555-0159,23-08-2013,5-10 Miles
25044,385,AW00025044,,Emma,H,Bailey,0,6/2/1981,S,,F,emma33@adventure-works.com,60000,0,0,Partial College,Estudios universitarios (en curso),Baccalauréat,Skilled Manual,Obrero especializado,Technicien,0,2,3795 Tabora Drive,,515-555-0135,20-05-2013,5-10 Miles
25045,609,AW00025045,,Paige,,Russell,0,31-08-1979,M,,F,paige19@adventure-works.com,50000,0,0,High School,Educación secundaria,Bac + 2,Skilled Manual,Obrero especializado,Technicien,1,2,582 Magic Dr,,273-555-0175,1/2/2013,5-10 Miles
25046,57,AW00025046,,Caleb,P,Long,0,10/3/1979,M,,M,caleb6@adventure-works.com,60000,0,0,Partial College,Estudios universitarios (en curso),Baccalauréat,Skilled Manual,Obrero especializado,Technicien,1,2,7023 Stallion Way,,717-555-0162,2/1/2012,5-10 Miles
25047,352,AW00025047,,Trevor,,Long,0,10/5/1979,M,,M,trevor9@adventure-works.com,60000,0,0,Partial College,Estudios universitarios (en curso),Baccalauréat,Professional,Profesional,Cadre,1,2,7957 Hermosa,,616-555-0169,1/12/2013,5-10 Miles
25048,49,AW00025048,,Yolanda,K,Sharma,0,10/8/1978,S,,F,yolanda8@adventure-works.com,70000,0,0,Partial College,Estudios universitarios (en curso),Baccalauréat,Professional,Profesional,Cadre,0,2,1819 Lilac Court,,275-555-0186,2/1/2012,0-1 Miles
25049,312,AW00025049,,Candice,L,Ye,0,18-12-1978,M,,F,candice15@adventure-works.com,70000,0,0,Partial College,Estudios universitarios (en curso),Baccalauréat,Professional,Profesional,Cadre,1,2,2378 Joyce Dr.,,826-555-0110,29-04-2013,5-10 Miles
25050,312,AW00025050,,Darryl,S,Chen,0,3/11/1978,S,,M,darryl2@adventure-works.com,70000,0,0,Partial College,Estudios universitarios (en curso),Baccalauréat,Professional,Profesional,Cadre,1,2,617 LindenTree Dr,,325-555-0127,2/5/2013,5-10 Miles
25051,19,AW00025051,,Suzanne,,Cai,0,24-09-1961,S,,F,suzanne22@adventure-works.com,80000,2,0,High School,Educación secundaria,Bac + 2,Skilled Manual,Obrero especializado,Technicien,1,2,1283 Teakwood Court,,1 (11) 500 555-0161,4/9/2012,5-10 Miles
25052,18,AW00025052,,Sandra,A,Lin,0,16-01-1978,S,,F,sandra14@adventure-works.com,80000,2,0,High School,Educación secundaria,Bac + 2,Skilled Manual,Obrero especializado,Technicien,0,2,5583 Peterson Pl.,,1 (11) 500 555-0137,26-09-2012,1-2 Miles
25053,17,AW00025053,,Colin,,Andersen,0,19-08-1968,M,,M,colin36@adventure-works.com,70000,2,0,High School,Educación secundaria,Bac + 2,Skilled Manual,Obrero especializado,Technicien,1,2,5689 Almondtree Circle,,1 (11) 500 555-0198,4/9/2012,5-10 Miles
25054,24,AW00025054,,Sheila,,Alonso,0,30-08-1963,S,,F,sheila8@adventure-works.com,100000,1,0,Bachelors,Licenciatura,Bac + 4,Management,Gestión,Direction,0,4,8783 Detroit Ave.,,1 (11) 500 555-0133,23-07-2013,0-1 Miles
25055,33,AW00025055,,Erik,E,Navarro,0,6/8/1963,M,,M,erik10@adventure-works.com,100000,1,1,Bachelors,Licenciatura,Bac + 4,Management,Gestión,Direction,0,1,16 Yukon Street,,1 (11) 500 555-0192,20-09-2013,10+ Miles
25056,31,AW00025056,,Wayne,E,Black,0,19-08-1963,M,,M,wayne22@adventure-works.com,100000,1,1,Bachelors,Licenciatura,Bac + 4,Management,Gestión,Direction,1,1,1366 Hunt Dr,,1 (11) 500 555-0187,20-08-2013,10+ Miles
25057,27,AW00025057,,Jerome,J,Gomez,0,9/11/1970,S,,M,jerome1@adventure-works.com,100000,1,1,Bachelors,Licenciatura,Bac + 4,Management,Gestión,Direction,0,3,6692 Bluefish Lane,,1 (11) 500 555-0185,15-09-2012,0-1 Miles
25058,22,AW00025058,,Corey,,Raji,0,5/7/1964,M,,M,corey18@adventure-works.com,100000,1,1,Bachelors,Licenciatura,Bac + 4,Management,Gestión,Direction,1,3,433 Marsh Drive,,1 (11) 500 555-0130,27-10-2013,2-5 Miles
25059,546,AW00025059,,Sean,,Ward,0,23-10-1978,S,,M,sean20@adventure-works.com,70000,0,0,Partial College,Estudios universitarios (en curso),Baccalauréat,Professional,Profesional,Cadre,1,2,2826 C Del Rio Ln.,,709-555-0132,1/5/2013,5-10 Miles
25060,312,AW00025060,,Noah,R,Martinez,0,17-07-1978,S,,M,noah64@adventure-works.com,80000,0,0,Bachelors,Licenciatura,Bac + 4,Management,Gestión,Direction,0,1,6472 Loveridge Circle,,854-555-0195,10/5/2013,0-1 Miles
25061,68,AW00025061,,Julia,,Hughes,0,20-01-1980,S,,F,julia77@adventure-works.com,50000,0,0,High School,Educación secundaria,Bac + 2,Professional,Profesional,Cadre,0,2,6973 Mt. Hood Circle,,284-555-0163,22-01-2012,1-2 Miles
25062,71,AW00025062,,Kaitlyn,J,Young,0,18-06-1980,S,,F,kaitlyn23@adventure-works.com,50000,0,0,High School,Educación secundaria,Bac + 2,Professional,Profesional,Cadre,1,2,1058 Kirker Pass Road,,370-555-0122,12/4/2013,5-10 Miles
25063,609,AW00025063,,Dylan,T,Williams,0,15-04-1985,M,,M,dylan37@adventure-works.com,50000,0,0,Partial High School,Educación secundaria (en curso),Niveau bac,Skilled Manual,Obrero especializado,Technicien,0,2,9774 Maywood Lane,,228-555-0196,5/12/2013,1-2 Miles
25064,374,AW00025064,,James,M,Harris,0,18-08-1971,S,,M,james86@adventure-works.com,150000,0,0,Bachelors,Licenciatura,Bac + 4,Management,Gestión,Direction,0,2,2173 H Stagecoach Rd.,,212-555-0171,3/5/2013,0-1 Miles
25065,637,AW00025065,,Thomas,,Henderson,0,22-05-1963,M,,M,thomas6@adventure-works.com,70000,2,0,Partial High School,Educación secundaria (en curso),Niveau bac,Skilled Manual,Obrero especializado,Technicien,1,2,7159 Shell Circle,,103-555-0134,30-03-2013,5-10 Miles
25066,62,AW00025066,,Charles,D,Robinson,0,17-11-1962,S,,M,charles22@adventure-works.com,70000,2,0,Partial High School,Educación secundaria (en curso),Niveau bac,Skilled Manual,Obrero especializado,Technicien,0,2,5068 N Francisco Way,,826-555-0121,26-01-2014,1-2 Miles
25067,618,AW00025067,,Melanie,P,Butler,0,12/5/1970,S,,F,melanie1@adventure-works.com,40000,0,0,Bachelors,Licenciatura,Bac + 4,Professional,Profesional,Cadre,0,1,6398 Joyce Dr,,196-555-0111,23-12-2013,2-5 Miles
25068,307,AW00025068,,Robert,,Shan,0,19-12-1969,S,,M,robert42@adventure-works.com,60000,4,4,Bachelors,Licenciatura,Bac + 4,Skilled Manual,Obrero especializado,Technicien,0,2,9152 St. Patricia,,556-555-0193,13-10-2013,0-1 Miles
25069,612,AW00025069,,Lori,,Ortega,0,2/5/1970,M,,F,lori22@adventure-works.com,60000,4,4,Bachelors,Licenciatura,Bac + 4,Skilled Manual,Obrero especializado,Technicien,1,3,273 Winding Lane,,214-555-0179,24-06-2013,10+ Miles
25070,49,AW00025070,,Melody,,Alvarez,0,23-03-1975,M,,F,melody5@adventure-works.com,60000,4,4,Bachelors,Licenciatura,Bac + 4,Skilled Manual,Obrero especializado,Technicien,1,3,3196 Rotherham Dr.,,391-555-0114,18-09-2013,10+ Miles
25071,339,AW00025071,,Natalie,W,Brooks,0,17-08-1969,M,,F,natalie22@adventure-works.com,60000,5,5,Bachelors,Licenciatura,Bac + 4,Skilled Manual,Obrero especializado,Technicien,1,3,2305 Glaze Drive,,568-555-0151,12/1/2014,2-5 Miles
25072,548,AW00025072,,Alyssa,O,Murphy,0,27-03-1970,S,,F,alyssa32@adventure-works.com,60000,4,2,Bachelors,Licenciatura,Bac + 4,Skilled Manual,Obrero especializado,Technicien,0,2,1451 Victory Lane,,698-555-0138,18-12-2013,0-1 Miles
25073,539,AW00025073,,Shelby,,Stewart,0,23-08-1969,M,,F,shelby23@adventure-works.com,60000,4,2,Bachelors,Licenciatura,Bac + 4,Skilled Manual,Obrero especializado,Technicien,1,2,7317 Cortez,,526-555-0119,23-12-2013,2-5 Miles
25074,543,AW00025074,,Samantha,,Jackson,0,22-05-1969,M,,F,samantha13@adventure-works.com,70000,4,2,Bachelors,Licenciatura,Bac + 4,Professional,Profesional,Cadre,1,2,7895 Arlington Way,,121-555-0112,23-05-2013,2-5 Miles
25075,358,AW00025075,,Samantha,A,Thompson,0,23-11-1968,M,,F,samantha17@adventure-works.com,70000,4,2,Bachelors,Licenciatura,Bac + 4,Professional,Profesional,Cadre,1,2,459 William Reed Drive,,910-555-0125,3/5/2013,2-5 Miles
25076,336,AW00025076,,Nicole,W,Jenkins,0,11/8/1974,M,,F,nicole55@adventure-works.com,60000,3,2,Graduate Degree,Estudios de postgrado,Bac + 3,Professional,Profesional,Cadre,0,0,6868 West,,451-555-0148,19-12-2013,0-1 Miles
25077,642,AW00025077,,Wyatt,M,Clark,0,2/2/1980,M,,M,wyatt20@adventure-works.com,60000,3,2,Graduate Degree,Estudios de postgrado,Bac + 3,Professional,Profesional,Cadre,0,0,9320 Teakwood Dr.,,189-555-0175,14-12-2013,0-1 Miles
25078,338,AW00025078,,James,,Jenkins,0,20-03-1984,M,,M,james22@adventure-works.com,40000,3,2,High School,Educación secundaria,Bac + 2,Skilled Manual,Obrero especializado,Technicien,1,2,7585 Ida Drive,,990-555-0196,3/12/2013,2-5 Miles
25079,632,AW00025079,,Riley,,Perry,0,18-12-1967,S,,F,riley5@adventure-works.com,70000,1,0,Bachelors,Licenciatura,Bac + 4,Professional,Profesional,Cadre,1,1,4512 M St.,,188-555-0186,29-05-2013,2-5 Miles
25080,302,AW00025080,,Marissa,,Long,0,11/1/1973,S,,F,marissa7@adventure-works.com,70000,1,0,Bachelors,Licenciatura,Bac + 4,Professional,Profesional,Cadre,1,1,9557 Steven Circle,,833-555-0112,9/5/2013,2-5 Miles
25081,322,AW00025081,,Melanie,,Morris,0,8/3/1967,S,,F,melanie43@adventure-works.com,30000,0,0,Bachelors,Licenciatura,Bac + 4,Professional,Profesional,Cadre,0,2,8042 Dent Way,,135-555-0115,20-08-2013,0-1 Miles
25082,299,AW00025082,,William,A,Martinez,0,2/8/1966,M,,M,william12@adventure-works.com,40000,4,3,High School,Educación secundaria,Bac + 2,Skilled Manual,Obrero especializado,Technicien,1,2,4019 Gumwood Dr.,,142-555-0130,11/10/2013,0-1 Miles
25083,299,AW00025083,,Omar,,Gao,0,15-12-1966,M,,M,omar14@adventure-works.com,40000,4,3,High School,Educación secundaria,Bac + 2,Skilled Manual,Obrero especializado,Technicien,1,3,6387 Tanager Road,,919-555-0152,8/11/2013,10+ Miles
25084,553,AW00025084,,Dalton,,James,0,9/4/1967,M,,M,dalton69@adventure-works.com,60000,1,0,Partial College,Estudios universitarios (en curso),Baccalauréat,Skilled Manual,Obrero especializado,Technicien,0,1,250 Montgomery Ave.,,277-555-0153,12/12/2013,0-1 Miles
25085,331,AW00025085,,Lucas,,Rogers,0,22-02-1967,M,,M,lucas90@adventure-works.com,60000,1,0,Partial College,Estudios universitarios (en curso),Baccalauréat,Skilled Manual,Obrero especializado,Technicien,1,1,3362 Julpum Loop,,908-555-0168,20-01-2013,2-5 Miles
25086,299,AW00025086,,Jasmine,,Cox,0,23-02-1967,M,,F,jasmine30@adventure-works.com,60000,1,0,Partial College,Estudios universitarios (en curso),Baccalauréat,Skilled Manual,Obrero especializado,Technicien,1,1,679 Pepperidge Way,,250-555-0113,30-12-2012,2-5 Miles
25087,612,AW00025087,,Wyatt,,Young,0,12/11/1966,M,,M,wyatt27@adventure-works.com,60000,1,0,Partial College,Estudios universitarios (en curso),Baccalauréat,Skilled Manual,Obrero especializado,Technicien,0,1,9533 Working Drive,,592-555-0134,22-01-2013,0-1 Miles
25088,337,AW00025088,,Victoria,J,Reed,0,7/2/1972,M,,F,victoria28@adventure-works.com,60000,1,0,Partial College,Estudios universitarios (en curso),Baccalauréat,Skilled Manual,Obrero especializado,Technicien,1,1,8957 Maureen Circle,,403-555-0115,13-01-2013,2-5 Miles
25089,612,AW00025089,,Christy,C,Xie,0,8/3/1966,S,,F,christy22@adventure-works.com,40000,0,0,Bachelors,Licenciatura,Bac + 4,Professional,Profesional,Cadre,0,1,5102 Sycamore Drive,,405-555-0138,21-09-2013,2-5 Miles
25090,49,AW00025090,,Ivan,L,Sara,0,30-12-1965,M,,M,ivan6@adventure-works.com,40000,0,0,Bachelors,Licenciatura,Bac + 4,Professional,Profesional,Cadre,0,1,1218 Woodside Court,,475-555-0126,10/12/2013,0-1 Miles
25091,311,AW00025091,,Jessie,,Zeng,0,7/1/1971,S,,M,jessie28@adventure-works.com,40000,0,0,Bachelors,Licenciatura,Bac + 4,Professional,Profesional,Cadre,0,1,8308 Fox Way,,466-555-0118,7/4/2013,0-1 Miles
25092,337,AW00025092,,Emily,,Jackson,0,13-10-1971,M,,F,emily12@adventure-works.com,60000,1,0,Partial College,Estudios universitarios (en curso),Baccalauréat,Skilled Manual,Obrero especializado,Technicien,1,1,8994 Richard Ave.,,373-555-0132,7/1/2013,2-5 Miles
25093,55,AW00025093,,Madison,A,Griffin,0,24-12-1972,S,,F,madison33@adventure-works.com,50000,0,0,Partial College,Estudios universitarios (en curso),Baccalauréat,Skilled Manual,Obrero especializado,Technicien,0,1,6531 William Reed Dr.,,138-555-0150,14-01-2012,0-1 Miles
25094,68,AW00025094,,Charles,,Thomas,0,11/9/1972,S,,M,charles14@adventure-works.com,50000,0,0,Partial College,Estudios universitarios (en curso),Baccalauréat,Skilled Manual,Obrero especializado,Technicien,0,1,9941 Graham Ave.,,892-555-0153,12/1/2012,0-1 Miles
25095,69,AW00025095,,Adam,,Jai,0,10/7/1978,S,,M,adam28@adventure-works.com,50000,0,0,Partial College,Estudios universitarios (en curso),Baccalauréat,Skilled Manual,Obrero especializado,Technicien,0,1,6375 Freda Drive,,481-555-0111,1/2/2012,0-1 Miles
25096,609,AW00025096,,Victoria,D,Bennett,0,19-04-1978,S,,F,victoria49@adventure-works.com,50000,0,0,Partial College,Estudios universitarios (en curso),Baccalauréat,Skilled Manual,Obrero especializado,Technicien,0,1,9384 Jamie Way,,823-555-0196,12/2/2013,2-5 Miles
25097,545,AW00025097,,Fernando,B,Gonzales,0,17-12-1965,M,,M,fernando58@adventure-works.com,60000,1,0,Partial College,Estudios universitarios (en curso),Baccalauréat,Skilled Manual,Obrero especializado,Technicien,1,1,41 Regency Dr.,,492-555-0129,13-02-2013,2-5 Miles
25098,539,AW00025098,,Logan,,Long,0,24-01-1966,M,,M,logan12@adventure-works.com,60000,1,0,Partial College,Estudios universitarios (en curso),Baccalauréat,Skilled Manual,Obrero especializado,Technicien,0,1,9171 Morello Ave,,976-555-0114,22-02-2013,0-1 Miles
25099,368,AW00025099,,Melanie,G,Hayes,0,24-02-1971,M,,F,melanie10@adventure-works.com,60000,1,0,Partial College,Estudios universitarios (en curso),Baccalauréat,Skilled Manual,Obrero especializado,Technicien,1,1,4475 Longbrook Way,,517-555-0143,23-02-2013,0-1 Miles
25100,49,AW00025100,,Kristen,,Huang,0,10/11/1964,M,,F,kristen5@adventure-works.com,60000,1,0,Partial College,Estudios universitarios (en curso),Baccalauréat,Skilled Manual,Obrero especializado,Technicien,1,1,8224 Georgia Street,,341-555-0183,3/2/2012,2-5 Miles
25101,57,AW00025101,,Wyatt,A,Baker,0,13-04-1981,M,,M,wyatt36@adventure-works.com,60000,5,4,Bachelors,Licenciatura,Bac + 4,Professional,Profesional,Cadre,1,1,2230 May Way,,234-555-0183,2/1/2014,2-5 Miles
25102,299,AW00025102,,Stephanie,L,Kelly,0,14-02-1965,M,,F,stephanie26@adventure-works.com,60000,4,3,Bachelors,Licenciatura,Bac + 4,Professional,Profesional,Cadre,1,0,2056 Otter Dr.,,185-555-0119,19-02-2013,2-5 Miles
25103,311,AW00025103,,Shelby,,Brooks,0,16-08-1964,M,,F,shelby1@adventure-works.com,60000,4,3,Bachelors,Licenciatura,Bac + 4,Professional,Profesional,Cadre,1,0,6480 Prancing Drive,,210-555-0162,4/8/2013,0-1 Miles
25104,71,AW00025104,,Natalie,A,Parker,0,11/4/1965,S,,F,natalie51@adventure-works.com,70000,2,0,Graduate Degree,Estudios de postgrado,Bac + 3,Professional,Profesional,Cadre,0,1,1500 Polk Street,,581-555-0184,28-02-2012,0-1 Miles
25105,311,AW00025105,,Warren,M,Nara,0,19-05-1965,S,,M,warren6@adventure-works.com,80000,4,0,Graduate Degree,Estudios de postgrado,Bac + 3,Professional,Profesional,Cadre,1,0,6973 Elena,,373-555-0111,4/5/2013,0-1 Miles
25106,22,AW00025106,,Micah,W,Gao,0,22-05-1986,M,,M,micah2@adventure-works.com,90000,1,0,Graduate Degree,Estudios de postgrado,Bac + 3,Management,Gestión,Direction,1,0,7165 Foothill Way,,1 (11) 500 555-0146,16-09-2012,0-1 Miles
25107,36,AW00025107,,Mason,K,Ramirez,0,13-05-1980,S,,M,mason8@adventure-works.com,90000,2,0,Bachelors,Licenciatura,Bac + 4,Professional,Profesional,Cadre,0,0,2137 Argenta Dr.,,1 (11) 500 555-0153,1/9/2012,0-1 Miles
25108,19,AW00025108,,Gary,B,Gill,0,6/5/1974,M,,M,gary24@adventure-works.com,60000,2,2,Bachelors,Licenciatura,Bac + 4,Professional,Profesional,Cadre,0,1,4504 Terranova Drive,,1 (11) 500 555-0131,29-09-2012,0-1 Miles
25109,26,AW00025109,,Devin,J,Rivera,0,3/11/1975,M,,M,devin75@adventure-works.com,80000,4,4,Graduate Degree,Estudios de postgrado,Bac + 3,Management,Gestión,Direction,0,1,2956 East Altarinda Dr.,,1 (11) 500 555-0147,27-05-2013,0-1 Miles
25110,21,AW00025110,,Tabitha,,Suarez,0,26-07-1975,M,,F,tabitha40@adventure-works.com,80000,4,4,Graduate Degree,Estudios de postgrado,Bac + 3,Management,Gestión,Direction,0,1,9752 Monterrey,,1 (11) 500 555-0152,26-07-2013,0-1 Miles
25111,30,AW00025111,,Drew,J,Chander,0,4/4/1976,M,,M,drew17@adventure-works.com,90000,2,0,Bachelors,Licenciatura,Bac + 4,Professional,Profesional,Cadre,1,0,2798 Castlewood,,1 (11) 500 555-0178,9/10/2012,2-5 Miles
25112,4,AW00025112,,Suzanne,E,Zhu,0,17-04-1974,M,,F,suzanne15@adventure-works.com,60000,2,2,Bachelors,Licenciatura,Bac + 4,Professional,Profesional,Cadre,0,1,5741 Glen Wood Dr.,,1 (11) 500 555-0156,4/10/2012,0-1 Miles
25113,12,AW00025113,,Randy,,Gao,0,15-10-1973,M,,M,randy17@adventure-works.com,60000,2,2,Bachelors,Licenciatura,Bac + 4,Professional,Profesional,Cadre,1,1,4550 Morello Ave.,,1 (11) 500 555-0130,19-10-2012,2-5 Miles
25114,13,AW00025114,,Donald,M,Sara,0,24-04-1974,S,,M,donald12@adventure-works.com,60000,2,2,Bachelors,Licenciatura,Bac + 4,Professional,Profesional,Cadre,0,1,1345 Prospect Street,,1 (11) 500 555-0128,4/10/2012,0-1 Miles
25115,19,AW00025115,,Raymond,,Rana,0,25-01-1974,M,,M,raymond13@adventure-works.com,70000,5,5,Bachelors,Licenciatura,Bac + 4,Professional,Profesional,Cadre,1,3,1771 Wood Ranch Circle,,1 (11) 500 555-0143,6/10/2012,10+ Miles
25116,8,AW00025116,,Phillip,R,Sara,0,5/7/1979,M,,M,phillip11@adventure-works.com,70000,5,5,Bachelors,Licenciatura,Bac + 4,Professional,Profesional,Cadre,1,3,1993 Maywood Lane,,1 (11) 500 555-0110,30-05-2013,10+ Miles
25117,7,AW00025117,,Mindy,R,Shan,0,30-09-1973,M,,F,mindy15@adventure-works.com,70000,5,5,Bachelors,Licenciatura,Bac + 4,Professional,Profesional,Cadre,0,3,1306 B St.,,1 (11) 500 555-0122,30-12-2013,10+ Miles
25118,5,AW00025118,,Gerald,M,Diaz,0,6/6/1973,M,,M,gerald11@adventure-works.com,70000,5,5,Bachelors,Licenciatura,Bac + 4,Professional,Profesional,Cadre,1,3,220 N Ridgewood Drive,,1 (11) 500 555-0172,20-08-2013,10+ Miles
25119,4,AW00025119,,Deanna,L,Lopez,0,13-11-1974,M,,F,deanna20@adventure-works.com,110000,1,0,Graduate Degree,Estudios de postgrado,Bac + 3,Management,Gestión,Direction,1,1,1898 Pine Tree Drive,,1 (11) 500 555-0190,2/10/2012,1-2 Miles
25120,4,AW00025120,,Heidi,L,Rodriguez,0,8/12/1980,S,,F,heidi22@adventure-works.com,110000,1,0,Graduate Degree,Estudios de postgrado,Bac + 3,Management,Gestión,Direction,0,1,7902 Bates Court,,1 (11) 500 555-0139,28-09-2012,2-5 Miles
25121,25,AW00025121,,Clarence,D,Yang,0,19-03-1975,M,,M,clarence41@adventure-works.com,110000,1,0,Graduate Degree,Estudios de postgrado,Bac + 3,Management,Gestión,Direction,1,1,3676 Oak Leaf Ct,,1 (11) 500 555-0138,26-10-2012,2-5 Miles
25122,32,AW00025122,,Susan,L,Zhao,0,12/3/1978,S,,F,susan20@adventure-works.com,80000,5,5,Graduate Degree,Estudios de postgrado,Bac + 3,Management,Gestión,Direction,1,2,5527 Liscome Way,,1 (11) 500 555-0167,27-11-2013,0-1 Miles
25123,2,AW00025123,,Sharon,L,Simpson,0,31-08-1972,M,,F,sharon8@adventure-works.com,80000,5,5,Graduate Degree,Estudios de postgrado,Bac + 3,Management,Gestión,Direction,1,3,3729 Via Del Verdes,,1 (11) 500 555-0113,11/9/2013,0-1 Miles
25124,6,AW00025124,,Keith,J,Xu,0,5/10/1978,S,,M,keith7@adventure-works.com,80000,5,5,Graduate Degree,Estudios de postgrado,Bac + 3,Management,Gestión,Direction,1,3,8531 Doncaster Dr,,1 (11) 500 555-0112,26-05-2013,0-1 Miles
25125,36,AW00025125,,Randy,G,Wang,0,19-03-1972,M,,M,randy3@adventure-works.com,80000,5,5,Bachelors,Licenciatura,Bac + 4,Professional,Profesional,Cadre,1,3,8143 Petarct,,1 (11) 500 555-0110,25-09-2013,0-1 Miles
25126,7,AW00025126,,Shane,L,Suri,0,21-11-1977,M,,M,shane4@adventure-works.com,90000,0,0,Bachelors,Licenciatura,Bac + 4,Professional,Profesional,Cadre,1,0,3994 Sucamore Drive,,1 (11) 500 555-0143,5/11/2012,2-5 Miles
25127,15,AW00025127,,Priscilla,M,Deng,0,18-01-1972,S,,F,priscilla1@adventure-works.com,90000,2,0,Bachelors,Licenciatura,Bac + 4,Professional,Profesional,Cadre,0,0,3757 Brook Hollow Ct,# 101,1 (11) 500 555-0113,7/11/2012,1-2 Miles
25128,22,AW00025128,,Clifford,,Sai,0,21-12-1970,M,,M,clifford6@adventure-works.com,60000,3,3,Bachelors,Licenciatura,Bac + 4,Professional,Profesional,Cadre,1,1,9494 Buena Vista,,1 (11) 500 555-0136,24-08-2013,2-5 Miles
25129,17,AW00025129,,Allen,R,Raman,0,4/12/1976,S,,M,allen10@adventure-works.com,60000,3,3,Bachelors,Licenciatura,Bac + 4,Professional,Profesional,Cadre,0,1,378 Show Rd.,,1 (11) 500 555-0110,21-02-2013,0-1 Miles
25130,11,AW00025130,,Micah,,Huang,0,16-08-1981,M,,M,micah16@adventure-works.com,70000,5,5,Bachelors,Licenciatura,Bac + 4,Professional,Profesional,Cadre,0,4,9580 Kalima Place,,1 (11) 500 555-0111,9/5/2013,10+ Miles
25131,36,AW00025131,,Gerald,,Chandra,0,8/4/1971,M,,M,gerald31@adventure-works.com,70000,5,5,Bachelors,Licenciatura,Bac + 4,Professional,Profesional,Cadre,1,4,6933 Sutton Circle,,1 (11) 500 555-0178,21-07-2013,10+ Miles
25132,33,AW00025132,,Lindsey,M,Xie,0,16-09-1984,M,,F,lindsey3@adventure-works.com,70000,5,5,Bachelors,Licenciatura,Bac + 4,Professional,Profesional,Cadre,0,4,4137 Garcia Ranch Road,,1 (11) 500 555-0142,17-09-2013,10+ Miles
25133,11,AW00025133,,Kristine,G,Gutierrez,0,4/6/1974,S,,F,kristine12@adventure-works.com,70000,0,0,Bachelors,Licenciatura,Bac + 4,Professional,Profesional,Cadre,1,1,7399 Pacific,,1 (11) 500 555-0116,6/11/2012,5-10 Miles
25134,17,AW00025134,,Brett,,Rodriguez,0,14-08-1973,M,,M,brett19@adventure-works.com,80000,5,5,Bachelors,Licenciatura,Bac + 4,Professional,Profesional,Cadre,1,4,6928 Jason Ct,,1 (11) 500 555-0173,13-12-2013,1-2 Miles
25135,39,AW00025135,,Kelvin,,Zhao,0,6/11/1973,S,,M,kelvin29@adventure-works.com,80000,5,5,Bachelors,Licenciatura,Bac + 4,Professional,Profesional,Cadre,1,4,9011 Tabora Drive,,1 (11) 500 555-0139,2/12/2013,1-2 Miles
25136,39,AW00025136,,Ruben,A,Diaz,0,14-07-1979,S,,M,ruben26@adventure-works.com,80000,5,5,Bachelors,Licenciatura,Bac + 4,Professional,Profesional,Cadre,1,4,4038 Elk Dr,,1 (11) 500 555-0146,5/4/2013,1-2 Miles
25137,27,AW00025137,,Nina,R,Raje,0,29-01-1974,M,,F,nina14@adventure-works.com,80000,5,5,Bachelors,Licenciatura,Bac + 4,Professional,Profesional,Cadre,1,4,6237 El Rancho Dr.,,1 (11) 500 555-0150,21-01-2014,0-1 Miles
25138,19,AW00025138,,Seth,,Russell,0,15-03-1974,M,,M,seth68@adventure-works.com,80000,5,5,Bachelors,Licenciatura,Bac + 4,Professional,Profesional,Cadre,1,4,1412 San Marino Ct.,,1 (11) 500 555-0141,10/11/2012,1-2 Miles
25139,20,AW00025139,Mr.,Carlos,M.,Short,0,22-08-1975,M,Jr.,M,carlos0@adventure-works.com,60000,3,3,Bachelors,Licenciatura,Bac + 4,Professional,Profesional,Cadre,0,2,6853 Hacienda,,187-555-0100,18-10-2013,0-1 Miles
25140,26,AW00025140,,Toni,K,Lopez,0,26-09-1969,M,,F,toni17@adventure-works.com,60000,3,3,Bachelors,Licenciatura,Bac + 4,Professional,Profesional,Cadre,1,2,6445 Cashew Street,,1 (11) 500 555-0176,20-11-2013,5-10 Miles
25141,251,AW00025141,,Walter,,Gutierrez,0,16-03-1979,S,,M,walter4@adventure-works.com,20000,0,0,Partial High School,Educación secundaria (en curso),Niveau bac,Manual,Obrero,Ouvrier,1,2,5498 Treat Blvd.,,1 (11) 500 555-0149,10/5/2013,1-2 Miles
25145,171,AW00025145,,Clayton,C,Yang,0,22-02-1980,S,,M,clayton5@adventure-works.com,30000,0,0,Partial College,Estudios universitarios (en curso),Baccalauréat,Clerical,Administrativo,Employé,1,1,Waldstr 4326,,1 (11) 500 555-0119,21-06-2013,2-5 Miles
25146,552,AW00025146,,Carson,J,Gonzales,0,25-07-1958,M,,M,carson16@adventure-works.com,60000,3,1,Partial High School,Educación secundaria (en curso),Niveau bac,Skilled Manual,Obrero especializado,Technicien,1,3,2700 Roundtree Dr.,,151-555-0131,31-01-2013,10+ Miles
25147,68,AW00025147,,Samantha,G,Brown,0,15-09-1962,M,,F,samantha5@adventure-works.com,60000,2,0,High School,Educación secundaria,Bac + 2,Professional,Profesional,Cadre,1,2,2768 Creekside Dr.,,526-555-0115,31-07-2013,5-10 Miles
25148,307,AW00025148,,Ryan,,Simmons,0,5/4/1963,M,,M,ryan18@adventure-works.com,60000,2,0,High School,Educación secundaria,Bac + 2,Professional,Profesional,Cadre,0,2,2680 Claudia Drive,,964-555-0196,28-02-2013,1-2 Miles
25149,632,AW00025149,,Samantha,,Griffin,0,14-06-1963,M,,F,samantha43@adventure-works.com,60000,2,0,High School,Educación secundaria,Bac + 2,Professional,Profesional,Cadre,1,2,6133 Kenston Dr.,,946-555-0183,30-11-2013,5-10 Miles
25150,337,AW00025150,,Xavier,,Jones,0,23-11-1968,S,,M,xavier3@adventure-works.com,80000,2,1,Bachelors,Licenciatura,Bac + 4,Management,Gestión,Direction,1,1,3685 Pleasant Hill Rd,,380-555-0167,6/5/2013,2-5 Miles
25151,329,AW00025151,,Jasmine,,Washington,0,8/11/1961,S,,F,jasmine52@adventure-works.com,80000,2,0,Partial High School,Educación secundaria (en curso),Niveau bac,Skilled Manual,Obrero especializado,Technicien,0,2,5678 Arlington Way,,832-555-0192,2/11/2013,1-2 Miles
25152,331,AW00025152,,Maria,M,Sanders,0,12/8/1978,S,,F,maria22@adventure-works.com,60000,2,0,High School,Educación secundaria,Bac + 2,Professional,Profesional,Cadre,1,2,9657 Santa Maria,,561-555-0118,17-03-2013,5-10 Miles
25153,632,AW00025153,,Ryan,,Coleman,0,22-12-1970,S,,M,ryan8@adventure-works.com,100000,4,1,Bachelors,Licenciatura,Bac + 4,Management,Gestión,Direction,0,4,5787 Ygnacio Valley Road,,602-555-0130,2/10/2013,0-1 Miles
25154,301,AW00025154,,Clinton,,Serrano,0,2/12/1976,M,,M,clinton13@adventure-works.com,110000,2,2,Bachelors,Licenciatura,Bac + 4,Management,Gestión,Direction,1,3,7700 Meaham Drive,,158-555-0197,23-12-2013,2-5 Miles
25155,311,AW00025155,,Theresa,,Alonso,0,2/7/1981,S,,F,theresa5@adventure-works.com,110000,3,2,Bachelors,Licenciatura,Bac + 4,Management,Gestión,Direction,1,4,4790 Curletto Drive,,309-555-0129,29-05-2013,2-5 Miles
25156,336,AW00025156,,Catherine,,Peterson,0,24-03-1971,S,,F,catherine5@adventure-works.com,130000,1,1,Graduate Degree,Estudios de postgrado,Bac + 3,Management,Gestión,Direction,0,4,6956 Peach Place,,588-555-0128,11/2/2013,0-1 Miles
25157,66,AW00025157,,Destiny,,Miller,0,15-08-1969,S,,F,destiny6@adventure-works.com,80000,4,3,Bachelors,Licenciatura,Bac + 4,Management,Gestión,Direction,1,1,9817 Cook Street,,603-555-0175,3/7/2013,2-5 Miles
25158,611,AW00025158,,Stephanie,C,Long,0,13-09-1969,M,,F,stephanie37@adventure-works.com,90000,5,5,Partial College,Estudios universitarios (en curso),Baccalauréat,Professional,Profesional,Cadre,1,3,993 Piedmont Dr.,,155-555-0120,4/9/2013,0-1 Miles
25159,637,AW00025159,,Katelyn,C,Cooper,0,24-01-1970,S,,F,katelyn17@adventure-works.com,100000,5,2,Partial College,Estudios universitarios (en curso),Baccalauréat,Professional,Profesional,Cadre,1,0,1635 Carmel Dr,,818-555-0126,24-09-2013,2-5 Miles
25160,642,AW00025160,,Mackenzie,C,Stewart,0,16-02-1981,S,,F,mackenzie25@adventure-works.com,100000,5,2,Partial College,Estudios universitarios (en curso),Baccalauréat,Professional,Profesional,Cadre,1,1,3646 Snyder Lane,,577-555-0117,15-06-2013,2-5 Miles
25161,343,AW00025161,,Isabella,,Flores,0,10/5/1975,M,,F,isabella22@adventure-works.com,130000,3,2,Bachelors,Licenciatura,Bac + 4,Management,Gestión,Direction,1,3,3628 Mt. McKinley Ct.,,460-555-0110,25-05-2013,0-1 Miles
25162,374,AW00025162,,Bryan,D,Morris,0,8/11/1975,S,,M,bryan19@adventure-works.com,160000,1,1,Bachelors,Licenciatura,Bac + 4,Management,Gestión,Direction,0,3,9634 S. Silver Spring,,729-555-0131,14-05-2013,0-1 Miles
25163,334,AW00025163,,Natalie,,Griffin,0,23-10-1961,M,,F,natalie43@adventure-works.com,70000,3,2,Partial College,Estudios universitarios (en curso),Baccalauréat,Professional,Profesional,Cadre,1,0,8210 Mines Road,,193-555-0158,17-05-2013,5-10 Miles
25164,301,AW00025164,,Isaac,C,Parker,0,21-02-1962,M,,M,isaac22@adventure-works.com,70000,3,2,Partial College,Estudios universitarios (en curso),Baccalauréat,Professional,Profesional,Cadre,0,1,2068 Suzanne Dr.,,762-555-0149,18-05-2013,0-1 Miles
25165,298,AW00025165,,Ashley,D,Brown,0,17-07-1961,M,,F,ashley4@adventure-works.com,70000,4,3,Partial College,Estudios universitarios (en curso),Baccalauréat,Professional,Profesional,Cadre,1,0,1440 Willow Pass Dr.,,344-555-0118,16-12-2013,0-1 Miles
25166,345,AW00025166,,Miguel,R,Jenkins,0,1/10/1961,S,,M,miguel53@adventure-works.com,70000,4,3,Partial College,Estudios universitarios (en curso),Baccalauréat,Professional,Profesional,Cadre,1,0,2570 Thames Dr.,,816-555-0150,25-09-2013,5-10 Miles
25167,358,AW00025167,,Elijah,,Hughes,0,13-05-1962,M,,M,elijah15@adventure-works.com,80000,3,0,Partial College,Estudios universitarios (en curso),Baccalauréat,Professional,Profesional,Cadre,0,1,5478 Hill Ct,,240-555-0159,20-11-2013,0-1 Miles
25168,299,AW00025168,,Micheal,,Hernandez,0,22-10-1960,M,,M,micheal0@adventure-works.com,80000,2,0,Partial High School,Educación secundaria (en curso),Niveau bac,Skilled Manual,Obrero especializado,Technicien,1,2,8210 Mines Road,,158-555-0134,23-08-2013,5-10 Miles
25169,352,AW00025169,,Angel,,Peterson,0,1/3/1940,S,,M,angel4@adventure-works.com,130000,1,2,Graduate Degree,Estudios de postgrado,Bac + 3,Management,Gestión,Direction,0,3,8201 Lyon Circle,,333-555-0176,22-05-2013,0-1 Miles
25170,618,AW00025170,,Logan,H,Walker,0,14-05-1974,M,,M,logan56@adventure-works.com,90000,0,0,Partial College,Estudios universitarios (en curso),Baccalauréat,Professional,Profesional,Cadre,1,1,8245 Pinehurst Court,,925-555-0129,18-10-2013,10+ Miles
25171,543,AW00025171,,Christopher,E,Rodriguez,0,18-03-1974,M,,M,christopher20@adventure-works.com,90000,0,0,Partial College,Estudios universitarios (en curso),Baccalauréat,Professional,Profesional,Cadre,1,1,891 Thornwood Dr.,,959-555-0135,26-04-2013,10+ Miles
25172,348,AW00025172,,Evan,,Gray,0,15-05-1969,M,,M,evan6@adventure-works.com,130000,3,2,Bachelors,Licenciatura,Bac + 4,Management,Gestión,Direction,1,4,9966 Vallet Crest Dr.,,207-555-0111,19-06-2013,0-1 Miles
25173,54,AW00025173,,Melissa,,Stewart,0,2/11/1967,M,,F,melissa44@adventure-works.com,80000,5,4,Partial College,Estudios universitarios (en curso),Baccalauréat,Professional,Profesional,Cadre,1,2,8679 Mt. Tooth Place,,445-555-0114,18-06-2013,5-10 Miles
25174,491,AW00025174,,Monica,,Smith,0,10/2/1968,M,,F,monica9@adventure-works.com,90000,5,4,Partial College,Estudios universitarios (en curso),Baccalauréat,Professional,Profesional,Cadre,1,4,4214 Willbrook Court,,822-555-0184,24-05-2013,5-10 Miles
25175,618,AW00025175,,Nathan,D,Chen,0,2/4/1968,S,,M,nathan22@adventure-works.com,100000,1,2,Partial College,Estudios universitarios (en curso),Baccalauréat,Professional,Profesional,Cadre,1,3,2238 Pine Street,,250-555-0110,14-05-2013,5-10 Miles
25176,347,AW00025176,,Edward,,Flores,0,12/12/1967,S,,M,edward61@adventure-works.com,130000,1,2,Bachelors,Licenciatura,Bac + 4,Management,Gestión,Direction,0,4,9542 Dubne Court,,116-555-0180,24-09-2013,0-1 Miles
25177,49,AW00025177,,Alberto,,Gomez,0,12/3/1978,M,,M,alberto2@adventure-works.com,70000,5,4,Partial College,Estudios universitarios (en curso),Baccalauréat,Professional,Profesional,Cadre,1,3,4823 Park Blvd.,,837-555-0140,25-01-2014,5-10 Miles
25178,614,AW00025178,,Jasmine,D,Kelly,0,17-04-1972,M,,F,jasmine39@adventure-works.com,80000,5,4,Partial College,Estudios universitarios (en curso),Baccalauréat,Professional,Profesional,Cadre,1,3,6833 Filomena,,366-555-0155,5/1/2014,1-2 Miles
25179,614,AW00025179,,Miguel,,Thompson,0,5/8/1966,M,,M,miguel15@adventure-works.com,80000,5,4,Partial College,Estudios universitarios (en curso),Baccalauréat,Professional,Profesional,Cadre,1,3,7284 Adobe Dr.,,798-555-0146,25-09-2013,5-10 Miles
25180,626,AW00025180,,Ana,,Simmons,0,22-09-1966,S,,F,ana14@adventure-works.com,90000,4,3,High School,Educación secundaria,Bac + 2,Professional,Profesional,Cadre,1,1,9094 Reading Dr,,354-555-0127,21-05-2013,5-10 Miles
25181,547,AW00025181,,Jesse,S,Torres,0,20-12-1966,M,,M,jesse4@adventure-works.com,90000,4,3,High School,Educación secundaria,Bac + 2,Professional,Profesional,Cadre,1,1,9732 Hamilton Ct.,,225-555-0119,4/3/2013,5-10 Miles
25182,548,AW00025182,,Natalie,,Simmons,0,1/3/1972,M,,F,natalie37@adventure-works.com,90000,4,3,High School,Educación secundaria,Bac + 2,Professional,Profesional,Cadre,1,2,1201 Olive Hill,,930-555-0153,20-06-2013,1-2 Miles
25183,637,AW00025183,,Michael,K,Thomas,0,4/10/1966,M,,M,michael43@adventure-works.com,90000,4,3,High School,Educación secundaria,Bac + 2,Professional,Profesional,Cadre,1,2,5734 Ashford Court,,595-555-0169,14-06-2013,1-2 Miles
25184,310,AW00025184,,Peter,,Tang,0,22-09-1966,S,,M,peter11@adventure-works.com,110000,1,3,Partial College,Estudios universitarios (en curso),Baccalauréat,Professional,Profesional,Cadre,1,4,9094 William Reed Dr,,211-555-0161,11/5/2013,5-10 Miles
25185,355,AW00025185,,Jade,,Reed,0,5/1/1967,S,,F,jade16@adventure-works.com,130000,1,3,Bachelors,Licenciatura,Bac + 4,Management,Gestión,Direction,0,3,1690 K St.,,257-555-0139,14-05-2013,2-5 Miles
25186,369,AW00025186,,Angelica,,Coleman,0,1/4/1961,M,,F,angelica5@adventure-works.com,80000,3,2,Partial College,Estudios universitarios (en curso),Baccalauréat,Professional,Profesional,Cadre,1,1,9866 Santa Lucia Dr,,166-555-0174,15-05-2013,5-10 Miles
25187,546,AW00025187,,Sydney,L,Scott,0,11/2/1941,M,,F,sydney54@adventure-works.com,50000,2,0,Graduate Degree,Estudios de postgrado,Bac + 3,Management,Gestión,Direction,1,2,5601 Garrow Drive,,895-555-0191,21-01-2014,5-10 Miles
25188,66,AW00025188,,Kevin,S,Li,0,12/7/1941,M,,M,kevin29@adventure-works.com,40000,3,0,Partial College,Estudios universitarios (en curso),Baccalauréat,Professional,Profesional,Cadre,1,2,4914 Sierra Drive,,640-555-0153,2/5/2013,5-10 Miles
25189,611,AW00025189,,Aidan,,Hayes,0,8/10/1952,M,,M,aidan24@adventure-works.com,50000,2,0,Graduate Degree,Estudios de postgrado,Bac + 3,Management,Gestión,Direction,1,2,1584 S. Forest Hill,,744-555-0145,1/1/2014,5-10 Miles
25190,553,AW00025190,,Allison,B,Morris,0,12/12/1941,M,,F,allison18@adventure-works.com,60000,2,0,Graduate Degree,Estudios de postgrado,Bac + 3,Management,Gestión,Direction,1,2,5514 Cape Cod Way,,140-555-0158,13-09-2013,5-10 Miles
25191,339,AW00025191,,Austin,D,Gonzales,0,8/12/1941,S,,M,austin13@adventure-works.com,120000,1,3,Graduate Degree,Estudios de postgrado,Bac + 3,Management,Gestión,Direction,0,4,1254 Roux Court,,678-555-0120,20-05-2013,2-5 Miles
25192,612,AW00025192,,Janet,B,Gill,0,29-01-1966,S,,F,janet19@adventure-works.com,90000,4,3,High School,Educación secundaria,Bac + 2,Professional,Profesional,Cadre,1,3,91 Kalima Place,,921-555-0114,12/5/2013,5-10 Miles
25193,626,AW00025193,,Stephanie,A,Howard,0,5/10/1971,S,,F,stephanie17@adventure-works.com,90000,4,3,High School,Educación secundaria,Bac + 2,Professional,Profesional,Cadre,1,4,8850 Via Del Sol,,886-555-0125,3/6/2013,5-10 Miles
25194,548,AW00025194,,Jada,,Bell,0,8/12/1959,S,,F,jada5@adventure-works.com,70000,3,0,Partial High School,Educación secundaria (en curso),Niveau bac,Skilled Manual,Obrero especializado,Technicien,1,2,2751 Fabian Way,,928-555-0194,2/7/2013,5-10 Miles
25195,311,AW00025195,,Alexandra,,Wilson,0,18-04-1960,S,,F,alexandra70@adventure-works.com,70000,3,0,Partial High School,Educación secundaria (en curso),Niveau bac,Skilled Manual,Obrero especializado,Technicien,0,2,6441 Gordon Ct.,,890-555-0148,12/8/2013,1-2 Miles
25196,52,AW00025196,,Aaron,C,Yang,0,19-04-1971,M,,M,aaron27@adventure-works.com,60000,2,0,High School,Educación secundaria,Bac + 2,Professional,Profesional,Cadre,1,2,3005 Ruby Lane,,685-555-0147,6/11/2013,5-10 Miles
25197,385,AW00025197,,Kyle,J,Perry,0,5/9/1959,M,,M,kyle3@adventure-works.com,60000,2,0,High School,Educación secundaria,Bac + 2,Professional,Profesional,Cadre,1,2,2876 Morgan Territory Road,,657-555-0140,12/5/2013,5-10 Miles
25198,347,AW00025198,,Michelle,,Ramirez,0,5/5/1965,M,,F,michelle8@adventure-works.com,60000,2,0,Partial High School,Educación secundaria (en curso),Niveau bac,Skilled Manual,Obrero especializado,Technicien,1,2,6508 Cedar Street,,549-555-0191,21-03-2013,5-10 Miles
25199,316,AW00025199,,Kyle,L,Griffin,0,19-10-1958,M,,M,kyle16@adventure-works.com,60000,3,0,Graduate Degree,Estudios de postgrado,Bac + 3,Management,Gestión,Direction,1,2,6512 Button Court,,340-555-0171,13-03-2013,5-10 Miles
25200,641,AW00025200,,Nathan,,Williams,0,13-02-1958,M,,M,nathan60@adventure-works.com,40000,3,0,Partial College,Estudios universitarios (en curso),Baccalauréat,Professional,Profesional,Cadre,1,2,1201 Paso Del Rio Way,,838-555-0120,25-12-2013,5-10 Miles
25201,314,AW00025201,,Hunter,C,Gonzalez,0,15-03-1962,M,,M,hunter37@adventure-works.com,40000,3,0,Partial College,Estudios universitarios (en curso),Baccalauréat,Professional,Profesional,Cadre,1,2,4289 Wellington Avenue,,164-555-0130,21-10-2013,5-10 Miles
25202,545,AW00025202,,Jonathan,C,King,0,21-01-1957,S,,M,jonathan49@adventure-works.com,40000,3,0,Partial College,Estudios universitarios (en curso),Baccalauréat,Professional,Profesional,Cadre,1,2,4201 Logan Court,,801-555-0140,15-11-2013,5-10 Miles
25203,298,AW00025203,,Caroline,,Wood,0,22-08-1956,S,,F,caroline4@adventure-works.com,40000,3,0,Partial College,Estudios universitarios (en curso),Baccalauréat,Professional,Profesional,Cadre,0,2,8406 S Royal Links Circle,,579-555-0141,13-03-2013,1-2 Miles
25204,374,AW00025204,,Kelly,,Barnes,0,19-03-1956,S,,F,kelly7@adventure-works.com,40000,4,0,Partial College,Estudios universitarios (en curso),Baccalauréat,Professional,Profesional,Cadre,0,2,8783 Blocking Ct,,817-555-0110,18-03-2013,1-2 Miles
25205,300,AW00025205,,John,,Jones,0,10/9/1960,S,,M,john41@adventure-works.com,30000,4,0,High School,Educación secundaria,Bac + 2,Professional,Profesional,Cadre,1,2,8113 Carlisle Way,,825-555-0143,31-10-2013,5-10 Miles
25206,334,AW00025206,,Ryan,W,Bryant,0,2/10/1960,S,,M,ryan21@adventure-works.com,30000,4,0,High School,Educación secundaria,Bac + 2,Professional,Profesional,Cadre,1,2,6658 Radar Blvd,,837-555-0116,1/4/2013,5-10 Miles
25207,634,AW00025207,,Destiny,C,Moore,0,9/8/1954,S,,F,destiny8@adventure-works.com,30000,4,0,High School,Educación secundaria,Bac + 2,Professional,Profesional,Cadre,1,2,1099 Catalpa Court,,264-555-0128,7/5/2013,5-10 Miles
25208,316,AW00025208,,Daniel,P,Taylor,0,6/4/1955,S,,M,daniel6@adventure-works.com,30000,4,0,High School,Educación secundaria,Bac + 2,Professional,Profesional,Cadre,1,2,1830 Tabora Drive,,758-555-0132,21-05-2013,5-10 Miles
25209,63,AW00025209,,Emma,M,Walker,0,3/4/1955,S,,F,emma22@adventure-works.com,30000,4,0,High School,Educación secundaria,Bac + 2,Professional,Profesional,Cadre,0,2,2601 Amaranth Way,,885-555-0197,25-07-2013,1-2 Miles
25210,20,AW00025210,,Kathryn,,Xu,0,22-11-1975,M,,F,kathryn4@adventure-works.com,60000,4,4,Bachelors,Licenciatura,Bac + 4,Professional,Profesional,Cadre,1,2,4308 Sand Pointe Lane,,1 (11) 500 555-0166,8/6/2013,5-10 Miles
25211,8,AW00025211,,Diane,M,Torres,0,11/1/1970,M,,F,diane16@adventure-works.com,60000,4,4,Bachelors,Licenciatura,Bac + 4,Professional,Profesional,Cadre,1,3,2924 Michigan Blvd.,,1 (11) 500 555-0143,21-10-2013,10+ Miles
25212,35,AW00025212,,Alberto,L,Ruiz,0,29-12-1968,M,,M,alberto3@adventure-works.com,60000,5,5,Bachelors,Licenciatura,Bac + 4,Professional,Profesional,Cadre,1,1,4775 Kentucky Dr.,Unit E,1 (11) 500 555-0161,15-11-2013,5-10 Miles
25213,28,AW00025213,,Cheryl,O,Gutierrez,0,26-03-1969,S,,F,cheryl13@adventure-works.com,70000,0,0,Bachelors,Licenciatura,Bac + 4,Professional,Profesional,Cadre,1,1,1462 Summit View Dr.,,1 (11) 500 555-0117,11/11/2012,5-10 Miles
25214,28,AW00025214,,Roger,,Chander,0,3/8/1968,S,,M,roger43@adventure-works.com,70000,0,0,Bachelors,Licenciatura,Bac + 4,Professional,Profesional,Cadre,0,1,2894 Foothill Way,,1 (11) 500 555-0130,27-11-2012,5-10 Miles
25215,32,AW00025215,,Natalie,,Gonzalez,0,11/2/1974,S,,F,natalie60@adventure-works.com,70000,0,0,Bachelors,Licenciatura,Bac + 4,Professional,Profesional,Cadre,0,1,8102 Birch Bark Road,,1 (11) 500 555-0161,4/11/2012,0-1 Miles
25216,29,AW00025216,,Rachael,,Raman,0,4/6/1974,S,,F,rachael12@adventure-works.com,70000,0,0,Bachelors,Licenciatura,Bac + 4,Professional,Profesional,Cadre,0,1,4817 Julpum Loop,,1 (11) 500 555-0195,5/9/2013,5-10 Miles
25217,20,AW00025217,,Byron,E,Martin,0,15-04-1973,M,,M,byron0@adventure-works.com,80000,5,5,Bachelors,Licenciatura,Bac + 4,Professional,Profesional,Cadre,0,4,4024 Dos Encinas,,1 (11) 500 555-0166,25-04-2013,0-1 Miles
25218,34,AW00025218,,Christy,,Sun,0,15-02-1973,M,,F,christy11@adventure-works.com,90000,2,2,Bachelors,Licenciatura,Bac + 4,Professional,Profesional,Cadre,1,0,2314 Chelsea Way,,1 (11) 500 555-0156,11/11/2012,0-1 Miles
25219,13,AW00025219,,Karla,,Lal,0,16-09-1972,M,,F,karla9@adventure-works.com,90000,4,4,Bachelors,Licenciatura,Bac + 4,Professional,Profesional,Cadre,0,0,352 Margo Dr.,,1 (11) 500 555-0111,6/4/2013,0-1 Miles
25220,21,AW00025220,,Emily,M,Anderson,0,18-11-1972,M,,F,emily10@adventure-works.com,60000,1,0,Partial College,Estudios universitarios (en curso),Baccalauréat,Skilled Manual,Obrero especializado,Technicien,1,1,1639 Atchinson Stage Ct.,,1 (11) 500 555-0192,10/3/2013,5-10 Miles
25221,11,AW00025221,,Erica,,Zhu,0,15-10-1966,S,,F,erica14@adventure-works.com,60000,1,0,Partial College,Estudios universitarios (en curso),Baccalauréat,Skilled Manual,Obrero especializado,Technicien,1,1,424 Yosemite Dr.,,1 (11) 500 555-0157,18-11-2012,5-10 Miles
25222,36,AW00025222,,Tamara,A,Kumar,0,17-04-1972,S,,F,tamara19@adventure-works.com,60000,1,0,Partial College,Estudios universitarios (en curso),Baccalauréat,Skilled Manual,Obrero especializado,Technicien,0,1,5722 Hemlock Ave.,,1 (11) 500 555-0178,28-10-2012,0-1 Miles
25223,18,AW00025223,,Armando,K,Ortega,0,18-09-1971,S,,M,armando22@adventure-works.com,110000,0,0,Graduate Degree,Estudios de postgrado,Bac + 3,Management,Gestión,Direction,0,3,8552 Oak Park Blvd,,1 (11) 500 555-0187,27-03-2013,1-2 Miles
25224,3,AW00025224,,Keith,M,Kumar,0,24-09-1970,S,,M,keith10@adventure-works.com,70000,0,0,Bachelors,Licenciatura,Bac + 4,Professional,Profesional,Cadre,0,1,8084 Cardiff Drive,,1 (11) 500 555-0199,2/4/2013,5-10 Miles
25225,29,AW00025225,,Alicia,,Yuan,0,22-10-1970,S,,F,alicia5@adventure-works.com,70000,0,0,Bachelors,Licenciatura,Bac + 4,Professional,Profesional,Cadre,1,1,5629 San Francisco,,1 (11) 500 555-0117,7/12/2012,5-10 Miles
25226,4,AW00025226,,Robert,,Kumar,0,9/5/1971,S,,M,robert40@adventure-works.com,70000,0,0,Bachelors,Licenciatura,Bac + 4,Professional,Profesional,Cadre,1,1,6121 Cook Pk,,1 (11) 500 555-0129,22-12-2012,5-10 Miles
25227,6,AW00025227,,Jaime,A,Gutierrez,0,16-01-1982,S,,M,jaime49@adventure-works.com,80000,5,5,Bachelors,Licenciatura,Bac + 4,Professional,Profesional,Cadre,1,4,4092 Marlene Drive,,1 (11) 500 555-0154,8/10/2013,1-2 Miles
25228,12,AW00025228,,Brad,,Ashe,0,11/10/1975,S,,M,brad23@adventure-works.com,70000,0,0,Bachelors,Licenciatura,Bac + 4,Professional,Profesional,Cadre,1,1,1491 Marina Vill Pkwy,,1 (11) 500 555-0161,22-12-2012,5-10 Miles
25229,16,AW00025229,,Autumn,L,Zhou,0,12/9/1969,S,,F,autumn8@adventure-works.com,70000,0,0,Bachelors,Licenciatura,Bac + 4,Professional,Profesional,Cadre,1,1,8096 West M Street,,1 (11) 500 555-0191,17-12-2012,5-10 Miles
25230,32,AW00025230,,Sophia,D,Carter,0,16-05-1970,S,,F,sophia9@adventure-works.com,70000,0,0,Bachelors,Licenciatura,Bac + 4,Professional,Profesional,Cadre,0,1,5359 S. Silver Spring,,1 (11) 500 555-0182,13-05-2013,5-10 Miles
25231,19,AW00025231,,Olivia,A,Moore,0,19-12-1964,S,,F,olivia7@adventure-works.com,90000,1,0,Bachelors,Licenciatura,Bac + 4,Professional,Profesional,Cadre,0,1,2856 High St.,,1 (11) 500 555-0119,11/12/2012,2-5 Miles
25232,22,AW00025232,,Kellie,M,Blanco,0,9/9/1964,M,,F,kellie14@adventure-works.com,100000,5,0,Bachelors,Licenciatura,Bac + 4,Professional,Profesional,Cadre,1,1,2973 Cardinet Drive,,1 (11) 500 555-0137,23-01-2014,10+ Miles
25233,40,AW00025233,,Nathaniel,,Ward,0,5/11/1964,M,,M,nathaniel13@adventure-works.com,100000,4,0,Bachelors,Licenciatura,Bac + 4,Professional,Profesional,Cadre,1,1,558 Levee Rd.,,1 (11) 500 555-0182,11/7/2013,10+ Miles
25234,31,AW00025234,,Monica,J,Patel,0,6/10/1974,S,,F,monica3@adventure-works.com,70000,0,0,Bachelors,Licenciatura,Bac + 4,Professional,Profesional,Cadre,1,2,40 Ellis St.,,1 (11) 500 555-0134,20-12-2012,5-10 Miles
25235,4,AW00025235,,Monique,,Torres,0,26-06-1968,M,,F,monique8@adventure-works.com,60000,1,0,Partial College,Estudios universitarios (en curso),Baccalauréat,Skilled Manual,Obrero especializado,Technicien,1,1,8421 St. Francis,,1 (11) 500 555-0181,10/12/2012,5-10 Miles
25236,9,AW00025236,,Lance,,Martin,0,9/7/1967,S,,M,lance0@adventure-works.com,70000,5,4,Bachelors,Licenciatura,Bac + 4,Professional,Profesional,Cadre,1,2,4422 Roxbury Drive,,1 (11) 500 555-0179,23-09-2013,5-10 Miles
25237,26,AW00025237,,Roger,C,Sun,0,12/12/1978,M,,M,roger18@adventure-works.com,70000,5,4,Partial College,Estudios universitarios (en curso),Baccalauréat,Skilled Manual,Obrero especializado,Technicien,1,2,7236 Tanager Circle,,1 (11) 500 555-0165,17-01-2014,5-10 Miles
25238,17,AW00025238,,Kristopher,A,Madan,0,16-07-1967,M,,M,kristopher7@adventure-works.com,70000,5,4,Partial College,Estudios universitarios (en curso),Baccalauréat,Skilled Manual,Obrero especializado,Technicien,1,2,5205 Coralie Drive,,1 (11) 500 555-0173,6/6/2013,0-1 Miles
25239,40,AW00025239,,Isabella,J,Barnes,0,23-12-1967,M,,F,isabella14@adventure-works.com,70000,5,4,Partial College,Estudios universitarios (en curso),Baccalauréat,Skilled Manual,Obrero especializado,Technicien,1,2,4055 Leonard Ct.,,1 (11) 500 555-0177,27-09-2013,0-1 Miles
25240,19,AW00025240,,Ross,,Rana,0,14-08-1972,M,,M,ross11@adventure-works.com,70000,5,4,Partial College,Estudios universitarios (en curso),Baccalauréat,Skilled Manual,Obrero especializado,Technicien,1,3,8869 San Onofre Court,,1 (11) 500 555-0167,23-12-2012,5-10 Miles
25241,32,AW00025241,,Aaron,,Powell,0,23-06-1964,M,,M,aaron8@adventure-works.com,90000,2,0,Bachelors,Licenciatura,Bac + 4,Professional,Profesional,Cadre,1,1,9333 Georgia Street,,1 (11) 500 555-0168,19-06-2013,5-10 Miles
25242,11,AW00025242,,Susan,,Hu,0,17-04-1969,S,,F,susan31@adventure-works.com,90000,2,0,Bachelors,Licenciatura,Bac + 4,Management,Gestión,Direction,0,1,7943 Walnut Ave,,1 (11) 500 555-0181,12/12/2012,2-5 Miles
25243,28,AW00025243,,Tonya,,Rai,0,5/9/1963,S,,F,tonya17@adventure-works.com,100000,4,0,Bachelors,Licenciatura,Bac + 4,Management,Gestión,Direction,1,2,9551 Alet Court,,1 (11) 500 555-0195,14-12-2012,1-2 Miles
25244,4,AW00025244,,Jay,A,Weber,0,4/9/1962,S,,M,jay10@adventure-works.com,70000,1,0,Partial College,Estudios universitarios (en curso),Baccalauréat,Skilled Manual,Obrero especializado,Technicien,1,1,5785 American Beauty Dr,,1 (11) 500 555-0176,3/3/2013,5-10 Miles
25245,2,AW00025245,,Francis,,Gutierrez,0,26-08-1941,S,,M,francis8@adventure-works.com,30000,2,0,Partial College,Estudios universitarios (en curso),Baccalauréat,Clerical,Administrativo,Employé,0,2,7291 Summerfield Dr.,,1 (11) 500 555-0154,15-08-2013,0-1 Miles
25246,32,AW00025246,,Warren,B,Lal,0,12/12/1941,M,,M,warren39@adventure-works.com,40000,2,0,Bachelors,Licenciatura,Bac + 4,Management,Gestión,Direction,1,1,5514 Cape Cod Way,,1 (11) 500 555-0130,9/11/2013,5-10 Miles
25247,31,AW00025247,,Lindsay,M,Nara,0,13-05-1971,M,,F,lindsay17@adventure-works.com,70000,5,4,Partial College,Estudios universitarios (en curso),Baccalauréat,Skilled Manual,Obrero especializado,Technicien,1,3,9687 Shakespeare Drive,,1 (11) 500 555-0157,27-11-2013,10+ Miles
25248,38,AW00025248,,Denise,R,Madan,0,16-09-1965,M,,F,denise9@adventure-works.com,70000,5,4,Partial College,Estudios universitarios (en curso),Baccalauréat,Skilled Manual,Obrero especializado,Technicien,1,3,9697 Mcelroy Court,,1 (11) 500 555-0119,21-11-2013,10+ Miles
25249,4,AW00025249,,Alexandra,H,Watson,0,5/2/1963,S,,F,alexandra20@adventure-works.com,70000,1,0,Partial College,Estudios universitarios (en curso),Baccalauréat,Skilled Manual,Obrero especializado,Technicien,0,1,2904 San Simeon Ct.,,1 (11) 500 555-0134,2/1/2011,0-1 Miles
25250,23,AW00025250,,Anthony,T,Walker,0,9/10/1962,S,,M,anthony9@adventure-works.com,70000,1,0,Partial College,Estudios universitarios (en curso),Baccalauréat,Skilled Manual,Obrero especializado,Technicien,0,1,2131 Minert Rd.,,1 (11) 500 555-0154,25-01-2011,0-1 Miles
25251,24,AW00025251,,Toni,J,Rodriguez,0,18-06-1968,S,,F,toni20@adventure-works.com,70000,1,0,Partial College,Estudios universitarios (en curso),Baccalauréat,Skilled Manual,Obrero especializado,Technicien,1,1,5007 Castle Rock Rd.,,1 (11) 500 555-0114,3/12/2013,5-10 Miles
25252,2,AW00025252,,Warren,L,Zhang,0,2/10/1961,S,,M,warren17@adventure-works.com,80000,1,0,Partial College,Estudios universitarios (en curso),Baccalauréat,Skilled Manual,Obrero especializado,Technicien,0,1,3905 Harvard Drive,,1 (11) 500 555-0191,17-01-2011,0-1 Miles
25253,618,AW00025253,,Ryan,F,Miller,0,12/7/1981,M,,M,ryan45@adventure-works.com,30000,0,0,High School,Educación secundaria,Bac + 2,Skilled Manual,Obrero especializado,Technicien,1,2,5502 Sun View Terr.,,341-555-0122,19-03-2013,5-10 Miles
25254,612,AW00025254,,Krystal,A,She,0,8/12/1981,S,,F,krystal23@adventure-works.com,30000,0,0,High School,Educación secundaria,Bac + 2,Skilled Manual,Obrero especializado,Technicien,1,2,6558 Pacifica Ave.,,433-555-0128,31-07-2013,5-10 Miles
25255,360,AW00025255,,Logan,L,Lal,0,24-10-1980,M,,M,logan2@adventure-works.com,40000,0,0,High School,Educación secundaria,Bac + 2,Skilled Manual,Obrero especializado,Technicien,1,2,9669 Vista Court,,508-555-0111,7/8/2013,5-10 Miles
25256,65,AW00025256,,Eric,G,Hill,0,25-10-1980,M,,M,eric54@adventure-works.com,40000,0,0,High School,Educación secundaria,Bac + 2,Skilled Manual,Obrero especializado,Technicien,1,2,6565 Jamie Way,,614-555-0127,27-02-2013,5-10 Miles
25257,307,AW00025257,,Harold,T,Sanchez,0,1/4/1986,M,,M,harold17@adventure-works.com,30000,0,0,High School,Educación secundaria,Bac + 2,Skilled Manual,Obrero especializado,Technicien,1,2,7179 Golden Rain,,871-555-0179,6/7/2013,5-10 Miles
25258,310,AW00025258,,Micheal,,Vazquez,0,10/2/1986,M,,M,micheal10@adventure-works.com,30000,0,0,High School,Educación secundaria,Bac + 2,Skilled Manual,Obrero especializado,Technicien,1,2,1314 Greenview Court,,251-555-0141,21-08-2013,5-10 Miles
25259,641,AW00025259,,Ethan,,Thomas,0,21-03-1985,M,,M,ethan44@adventure-works.com,30000,0,0,High School,Educación secundaria,Bac + 2,Skilled Manual,Obrero especializado,Technicien,0,2,5751 San Vincente Drive,,185-555-0143,13-04-2013,0-1 Miles
25260,648,AW00025260,,Dalton,,Howard,0,8/2/1984,S,,M,dalton82@adventure-works.com,40000,0,0,High School,Educación secundaria,Bac + 2,Skilled Manual,Obrero especializado,Technicien,1,2,6925 Post Road,,635-555-0176,31-08-2013,5-10 Miles
25261,326,AW00025261,,Eduardo,A,Phillips,0,31-03-1984,M,,M,eduardo39@adventure-works.com,40000,0,0,High School,Educación secundaria,Bac + 2,Skilled Manual,Obrero especializado,Technicien,1,2,4623 St. George Dr,,201-555-0146,25-03-2013,5-10 Miles
25262,36,AW00025262,,Andre,L,Chandra,0,5/3/1944,M,,M,andre2@adventure-works.com,40000,2,0,Bachelors,Licenciatura,Bac + 4,Management,Gestión,Direction,0,2,6034 Thunderbird Dr.,,1 (11) 500 555-0199,13-12-2013,0-1 Miles
25263,12,AW00025263,,Audrey,A,Carlson,0,13-03-1944,S,,F,audrey20@adventure-works.com,40000,2,0,Bachelors,Licenciatura,Bac + 4,Management,Gestión,Direction,1,2,2341 Breaker Dr.,,1 (11) 500 555-0160,8/9/2013,5-10 Miles
25264,298,AW00025264,,Wyatt,,Bryant,0,14-10-1982,S,,M,wyatt68@adventure-works.com,40000,0,0,High School,Educación secundaria,Bac + 2,Skilled Manual,Obrero especializado,Technicien,1,2,4744 Mary Dr.,,367-555-0158,22-10-2013,5-10 Miles
25265,50,AW00025265,,Hannah,J,Smith,0,21-08-1984,S,,F,hannah1@adventure-works.com,30000,0,0,Partial High School,Educación secundaria (en curso),Niveau bac,Clerical,Administrativo,Employé,0,2,5795 Morning Glory Dr.,,805-555-0118,19-03-2013,5-10 Miles
25266,31,AW00025266,,Kari,,Suri,0,20-10-1944,S,,F,kari2@adventure-works.com,30000,2,0,Partial College,Estudios universitarios (en curso),Baccalauréat,Clerical,Administrativo,Employé,0,2,6386 Holiday Hill Dr,,1 (11) 500 555-0184,5/7/2013,5-10 Miles
25267,6,AW00025267,,Arthur,E,Malhotra,0,18-11-1944,M,,M,arthur7@adventure-works.com,40000,2,0,Bachelors,Licenciatura,Bac + 4,Management,Gestión,Direction,1,2,9641 Matterhorn Ct.,,1 (11) 500 555-0157,23-03-2013,5-10 Miles
25268,15,AW00025268,,Jaime,,Andersen,0,11/8/1944,M,,M,jaime35@adventure-works.com,60000,2,0,Graduate Degree,Estudios de postgrado,Bac + 3,Management,Gestión,Direction,0,1,3354 Ruby Lane,,1 (11) 500 555-0112,21-09-2013,0-1 Miles
25269,19,AW00025269,,Tabitha,,Martin,0,30-09-1944,S,,F,tabitha19@adventure-works.com,60000,2,0,Graduate Degree,Estudios de postgrado,Bac + 3,Management,Gestión,Direction,1,1,7375 Kipling Court,,1 (11) 500 555-0138,10/9/2013,5-10 Miles
25270,29,AW00025270,,Gloria,,Diaz,0,2/3/1949,M,,F,gloria5@adventure-works.com,40000,2,0,Bachelors,Licenciatura,Bac + 4,Management,Gestión,Direction,0,2,7770 Mota Dr.,,1 (11) 500 555-0157,31-01-2011,0-1 Miles
25271,13,AW00025271,,Mario,,Shan,0,23-05-1960,S,,M,mario8@adventure-works.com,40000,2,0,Bachelors,Licenciatura,Bac + 4,Management,Gestión,Direction,0,2,7838 Euclid Ave.,,1 (11) 500 555-0173,10/2/2011,0-1 Miles
25272,16,AW00025272,,Edwin,J,Xu,0,18-09-1948,S,,M,edwin13@adventure-works.com,60000,2,0,Graduate Degree,Estudios de postgrado,Bac + 3,Management,Gestión,Direction,0,1,9231 Santa Ana Drive,,1 (11) 500 555-0118,21-02-2011,1-2 Miles
25273,17,AW00025273,,Karl,M,Rai,0,2/12/1948,M,,M,karl18@adventure-works.com,60000,2,0,Graduate Degree,Estudios de postgrado,Bac + 3,Management,Gestión,Direction,0,1,9436 Oakmead,,1 (11) 500 555-0175,26-02-2011,1-2 Miles
25274,627,AW00025274,,Samantha,M,Henderson,0,10/2/1982,S,,F,samantha30@adventure-works.com,40000,0,0,High School,Educación secundaria,Bac + 2,Skilled Manual,Obrero especializado,Technicien,0,2,6346 Doyle,,647-555-0136,2/10/2013,1-2 Miles
25275,632,AW00025275,,Christina,,Watson,0,25-08-1981,S,,F,christina0@adventure-works.com,40000,0,0,High School,Educación secundaria,Bac + 2,Skilled Manual,Obrero especializado,Technicien,0,2,973 Broadway Street,,757-555-0167,15-08-2013,1-2 Miles
25276,648,AW00025276,,Mackenzie,G,Richardson,0,5/1/1982,S,,F,mackenzie8@adventure-works.com,40000,0,0,Partial College,Estudios universitarios (en curso),Baccalauréat,Skilled Manual,Obrero especializado,Technicien,0,1,2422 Brookview Drive,,171-555-0149,9/8/2013,1-2 Miles
25277,311,AW00025277,,Jermaine,,Fernandez,0,14-07-1981,S,,M,jermaine14@adventure-works.com,40000,0,0,Partial College,Estudios universitarios (en curso),Baccalauréat,Skilled Manual,Obrero especializado,Technicien,1,1,1434 Boxwood Drive,,248-555-0154,15-10-2013,5-10 Miles
25278,315,AW00025278,,Brianna,B,Butler,0,20-06-1982,M,,F,brianna59@adventure-works.com,40000,0,0,Partial College,Estudios universitarios (en curso),Baccalauréat,Skilled Manual,Obrero especializado,Technicien,1,1,7861 Yosemite Dr.,,597-555-0147,2/10/2013,5-10 Miles
25279,372,AW00025279,,Jordyn,L,Barnes,0,7/9/1981,S,,F,jordyn2@adventure-works.com,40000,0,0,Partial College,Estudios universitarios (en curso),Baccalauréat,Skilled Manual,Obrero especializado,Technicien,0,1,2983 Yosemite Ct,,211-555-0131,23-12-2013,1-2 Miles
25280,374,AW00025280,,Emily,A,Price,0,3/12/1981,S,,F,emily25@adventure-works.com,40000,0,0,Partial College,Estudios universitarios (en curso),Baccalauréat,Skilled Manual,Obrero especializado,Technicien,0,1,26 Leland Way,,525-555-0171,23-12-2013,1-2 Miles
25281,635,AW00025281,,Jeremy,J,Allen,0,13-03-1981,S,,M,jeremy7@adventure-works.com,40000,0,0,High School,Educación secundaria,Bac + 2,Skilled Manual,Obrero especializado,Technicien,0,2,5091 Laurel Dr.,,337-555-0184,26-03-2013,1-2 Miles
25282,312,AW00025282,,Gabriel,E,Perez,0,6/1/1985,S,,M,gabriel33@adventure-works.com,50000,0,0,Partial College,Estudios universitarios (en curso),Baccalauréat,Skilled Manual,Obrero especializado,Technicien,0,1,1349 Sol St.,,567-555-0195,8/1/2014,1-2 Miles
25283,338,AW00025283,,Caitlin,A,Howard,0,3/3/1980,S,,F,caitlin9@adventure-works.com,50000,0,0,Partial College,Estudios universitarios (en curso),Baccalauréat,Skilled Manual,Obrero especializado,Technicien,0,1,7817 Mt. Wilson Way,,539-555-0190,22-07-2013,1-2 Miles
25284,315,AW00025284,,Allison,,Mitchell,0,16-06-1983,S,,F,allison34@adventure-works.com,70000,0,0,Partial College,Estudios universitarios (en curso),Baccalauréat,Skilled Manual,Obrero especializado,Technicien,1,2,5739 Pleasant Hill Rd.,,246-555-0179,1/6/2013,5-10 Miles
25285,614,AW00025285,,Noah,B,Williams,0,30-11-1977,S,,M,noah58@adventure-works.com,70000,0,0,Partial College,Estudios universitarios (en curso),Baccalauréat,Skilled Manual,Obrero especializado,Technicien,1,2,8100 Contra Loma Blvd.,,477-555-0174,14-06-2013,5-10 Miles
25286,374,AW00025286,,Zachary,,Powell,0,4/3/1978,S,,M,zachary7@adventure-works.com,80000,0,0,Bachelors,Licenciatura,Bac + 4,Management,Gestión,Direction,0,1,3115 Warmcastle Ct,,615-555-0121,10/6/2013,0-1 Miles
25287,52,AW00025287,,Paige,,Sanders,0,13-11-1983,S,,F,paige26@adventure-works.com,80000,0,0,Bachelors,Licenciatura,Bac + 4,Management,Gestión,Direction,0,1,243 Pine Dr,,569-555-0191,29-01-2012,0-1 Miles
25288,51,AW00025288,,Jordyn,,Flores,0,8/3/1974,S,,F,jordyn12@adventure-works.com,80000,0,0,Bachelors,Licenciatura,Bac + 4,Management,Gestión,Direction,0,1,6228 Rivewview,,554-555-0169,16-02-2012,0-1 Miles
25289,546,AW00025289,,Amanda,,Bradley,0,1/3/1974,S,,F,amanda5@adventure-works.com,80000,0,0,Bachelors,Licenciatura,Bac + 4,Management,Gestión,Direction,0,1,6797 Almondtree Circle,,240-555-0134,24-06-2013,0-1 Miles
25290,545,AW00025290,,Jackson,,Mitchell,0,22-04-1974,S,,M,jackson41@adventure-works.com,90000,4,4,Bachelors,Licenciatura,Bac + 4,Management,Gestión,Direction,1,1,5615 Detroit Ave.,,636-555-0168,26-06-2013,1-2 Miles
25291,616,AW00025291,,Marissa,,Griffin,0,24-10-1973,M,,F,marissa16@adventure-works.com,90000,4,4,Bachelors,Licenciatura,Bac + 4,Management,Gestión,Direction,1,1,9903 Mt. Washington Way,,270-555-0131,20-12-2013,1-2 Miles
25292,359,AW00025292,,Eduardo,A,Adams,0,11/11/1972,S,,M,eduardo30@adventure-works.com,120000,0,1,Bachelors,Licenciatura,Bac + 4,Management,Gestión,Direction,1,3,4283 Meaham Drive,,414-555-0196,14-05-2013,1-2 Miles
25293,542,AW00025293,,Eric,A,Gonzales,0,21-04-1969,M,,M,eric24@adventure-works.com,80000,4,3,Bachelors,Licenciatura,Bac + 4,Management,Gestión,Direction,1,0,237 El Centro,,157-555-0121,27-09-2013,1-2 Miles
25307,175,AW00025307,,Daisy,,Hernandez,0,24-03-1979,M,,F,daisy0@adventure-works.com,40000,1,1,Bachelors,Licenciatura,Bac + 4,Skilled Manual,Obrero especializado,Technicien,1,1,Königsteiner Straße 641,,1 (11) 500 555-0191,24-06-2013,1-2 Miles
25308,235,AW00025308,,Lindsey,C,Tang,0,12/8/1977,S,,F,lindsey4@adventure-works.com,30000,0,0,High School,Educación secundaria,Bac + 2,Manual,Obrero,Ouvrier,0,1,6200 Mt. Pisgah,,1 (11) 500 555-0120,5/10/2013,1-2 Miles
25309,115,AW00025309,,Karen,,Zhou,0,23-11-1977,S,,F,karen18@adventure-works.com,30000,0,0,High School,Educación secundaria,Bac + 2,Manual,Obrero,Ouvrier,1,1,Parkstr 51,,1 (11) 500 555-0168,25-11-2013,2-5 Miles
